,title,score,id,url,comms_num,created,body,timestamp
0,Just an observation,31,ioyagi,https://i.redd.it/0fai27fgoyl51.jpg,2,1599615991.0,,2020-09-08 20:46:31
1,This car has been at the math building since the beginning of time,21,3raamn,http://imgur.com/RgcxQFv,1,1446539472.0,,2015-11-03 02:31:12
2,I hate ProctorU and want to see it burn.,16,jh1sqn,https://www.reddit.com/r/UCO/comments/jh1sqn/i_hate_proctoru_and_want_to_see_it_burn/,6,1603538370.0,"It's invasive, unnecessary, expensive for what the service is, and frankly it's freakishly easy to cheat if you have even a little technical know-how and time to prepare. I do not see how this business persists.

I wish more professors would focus on project and paper assignments rather than wrote memorization testing. You're not testing a student's understanding with a multiple choice quiz, you're assessing whether they're capable of pattern recognition. I know it's far easier to have automatic results, but seriously? Let me produce a work that enriches my understanding and challenges me to engage the material rather than the phrasing from the text.",2020-10-24 06:19:30
3,"Bicycle riders, what would you think of something like this on campus?",13,v0f5n,http://i.imgur.com/yQtR0.jpg,3,1339648556.0,,2012-06-13 23:35:56
4,"Saw this in the UC this weekend, thought I'd help :)",12,12rvxf,http://imgur.com/etHFm,1,1352290932.0,,2012-11-07 06:22:12
5,I can't be the only person who feels this way...,12,okjvh,http://imgur.com/uI1v2,7,1326811754.0,,2012-01-17 08:49:14
6,Whoever decided to ruin the library ...,12,es6jpy,https://www.reddit.com/r/UCO/comments/es6jpy/whoever_decided_to_ruin_the_library/,8,1579694613.0,"... by literally deleting the computer lab, forcing me to pay to print, and also setting the computers to auto lock-down after 60 seconds of inactivity is a massive cunt and not invited to my anime-themed birthday party.",2020-01-22 06:03:33
7,Stolen Backpack,10,1mcj9j,https://www.reddit.com/r/UCO/comments/1mcj9j/stolen_backpack/,4,1379144578.0,"To the girl who stole my backpack from the first floor of the Chamber's Library this morning: I am offering one chance to return the backpack and/or the contents of the backpack with No Questions Asked. Simply drop it off at any of the information desks of the library and say you ""found it"". No harm, no foul.

But if you don't return it...

I know what you look like, and I will find you. Campus is not that big. And if I have to find you, then I will press charges.

",2013-09-14 02:42:58
8,2/25 Campus is shutting down at 2 p.m. today.,10,197cd2,https://www.reddit.com/r/UCO/comments/197cd2/225_campus_is_shutting_down_at_2_pm_today/,0,1361844867.0,Classes will be canceled and offices will close at 2 p.m. today. Have a great day!,2013-02-25 20:14:27
9,"For a university, I find uco's Internet way too slow.",10,18a62m,https://www.reddit.com/r/UCO/comments/18a62m/for_a_university_i_find_ucos_internet_way_too_slow/,4,1360577095.0,Even for email. Rant over.,2013-02-11 04:04:55
10,UCO Meetup? :D,11,kzv3g,https://www.reddit.com/r/UCO/comments/kzv3g/uco_meetup_d/,12,1317711321.0,Just tossing the idea out there. There seems to be quite a few Bronchos active on the subreddit. What would you guys think about planning a meetup this month sometime?,2011-10-04 01:55:21
11,"Stairs closed? I think not , you can't tell me what to do.",9,2x1n2k,http://i.imgur.com/VnWslEV.jpg,2,1424847563.0,,2015-02-25 00:59:23
12,Lovely day,9,2votak,http://i.imgur.com/Mm6cPCo.jpg,1,1423802548.0,,2015-02-12 22:42:28
13,Parking issues,11,2hsgso,https://www.reddit.com/r/UCO/comments/2hsgso/parking_issues/,12,1412029638.0,"What will it take to get a school-wide parking rebellion started?  I am fed up with having paid so much to get a pass, to still have to walk over 15 minutes to get to my class location.  I just got a ticket for having no permit, when I do have a permit, just improperly placed apparently.  I have never been to a school that was as draconian about parking as this school and I don't want to stand for it.  But obviously one person fighting the system doesn't tend to accomplish much.  What would it take for YOU to fight the parking system and demand lower rates and more flexibility?",2014-09-29 17:27:18
14,New elevators in the Library cause CHAOS!,10,vmpzi,https://www.reddit.com/r/UCO/comments/vmpzi/new_elevators_in_the_library_cause_chaos/,1,1340750685.0,"Not really. Just letting you know if you haven't seen it yet or are coming in for Block 2 courses that they are installing brand new elevators nearest the south entrance (that's by the Education building for you non-cardinals) and while it's fantastic, it's a little chaotic and noisy! 

If you're needing to study, you might try the north-west side of the library on each floor, as it's furthest from that racket.

Also, the silver elevators near the IT Service Desk are still fully functioning.

",2012-06-26 17:44:45
15,FINALS WEEK.,10,nejef,http://i.imgur.com/duDIk.jpg,0,1324026221.0,,2011-12-16 03:03:41
16,In case yâ€™all havenâ€™t seen,8,fh5wb4,https://i.redd.it/n1ey6kf1g4m41.jpg,2,1583995274.0,,2020-03-12 01:41:14
17,PSA,9,ecag0x,https://www.reddit.com/r/UCO/comments/ecag0x/psa/,5,1576690465.0,if youâ€™re loud in the library I hate you and hope you keep failing your classes,2019-12-18 11:34:25
18,"Help find this little guy, seen last near Ayers & Bauman",9,3r8amy,http://imgur.com/5UB4t68,0,1446512427.0,,2015-11-02 19:00:27
19,Anyone who's still in school or lives on campus want to be a mod?,7,3pejb0,https://www.reddit.com/r/UCO/comments/3pejb0/anyone_whos_still_in_school_or_lives_on_campus/,0,1445317656.0,"So, basically, all our mods are people who have graduated, and I wanted to see if there was any community interest in some current students becoming mods, since you know, it seems like a university sub should have students as mods. I think this sub could become a bigger hub for technology-inclined students. If you want to be a mod, just send a short message **to modmail not here** (seriously, this sub is tiny so there's no need for a huge application) as to why and maybe if you have an idea or two for the sub.",2015-10-20 00:07:36
20,Trying to sublease my apartment at Bryant Place in Edmond. Please pass it on because I need out of there to save money so I can afford to study abroad in South Korea this July. Thanks!,8,37sloo,http://oklahomacity.craigslist.org/sub/5049182373.html,0,1432978378.0,,2015-05-30 04:32:58
21,You guys ready for school ?,8,2brttz,https://www.reddit.com/r/UCO/comments/2brttz/you_guys_ready_for_school/,9,1406402682.0,We have what ? Three weeks left till we hit the ground running? ,2014-07-26 14:24:42
22,University of Central Oklahoma suspends cheerleading squad for alleged hazing incident,8,mbgkhy,https://abcnews.go.com/US/university-central-oklahoma-suspends-cheerleading-squad-alleged-hazing/story?id=76593926,1,1616540302.0,,2021-03-23 17:58:22
23,Homecoming Week Kicks Off Saturday with Demetri Martin at the Hamilton Field House!,7,11mnoh,https://www.reddit.com/r/UCO/comments/11mnoh/homecoming_week_kicks_off_saturday_with_demetri/,1,1350510378.0,"**IMPORTANT CHANGE** Sorry, the date on this is wrong. He's coming Oct. 27th!

Demetri Martin and Jen Kirkman

Show at 8pm; Ticketed Entry at 7, Student Entry with ID at 7:30

Hamilton Field House

Free for UCO Students with ID, $30 tickets available at www.ticketstorm.com.
",2012-10-17 16:46:18
24,[Meetup] Official Reddit College Meetup Day! Sept 15,6,ye3cf,http://redditgifts.com/meetups/university-central-oklahoma/,2,1345259393.0,,2012-08-17 22:09:53
25,"So, I'm new.",9,wbgm1,https://www.reddit.com/r/UCO/comments/wbgm1/so_im_new/,10,1341934240.0,"I just moved to Edmond from Tulsa to attend UCO this fall! I'm really excited, of course. Having graduated HS in '09, I'm getting a late start but better late than never, right?

So what's there to do around here? I know nobody, and I'm still learning my streets. So, any tips/suggestions/cool places to go are appreciated!

Honestly, I just want to start meeting people. I'm a people person and I can only browse Reddit for so long! Ha.",2012-07-10 10:30:40
26,Imgur Link Workaround,6,vpfrs,https://www.reddit.com/r/UCO/comments/vpfrs/imgur_link_workaround/,5,1340861392.0,"Sent by a redditor who wishes to remain anonymous. Let me know if it works for everyone!

_________________________________________

So...Peeps on campus have been having issues with accessing imgur.com. I have found a workaround for the issue. This issue appears to be linked to the Time to live set by imgur's DNS...this isn't something we can resolve from our end.

Scenario:
You're browsing reddit, and you see something in r/funny that you just have to click on. OH DAMNIT! IMGUR appears down! Fear not, here is the workaround.

__________________________________________
Keep the website up in your browser.

open up a command prompt. Start > Run > cmd < hit enter >
type nslookup < hit enter >
type imgur.com < hit enter >

You should receive some text back saying the following: 

Server: jupiter.uco.local Address: 172.16.16.10
*** jupiter.uco.local can't find imgur.com: Server failed

type imgur.com (again) < hit enter >

Should receive the following text:
Non-authoritative answer: Name: www-1290755616.us-east-1.elb.amazonaws.com Addresses: 23.21.223.100 50.19.84.135 23.21.90.220 23.21.92.173 23.21.121.47 23.21.105.103 23.21.105.51 23.21.90.222 

Aliases: imgur.com cf-ssl11496-protected.imgur.com

Go back to your browser and refresh the link.
PROFIT! (It should work now).",2012-06-28 00:29:52
27,"I'm a telephone operator, and just thought other students would enjoy some of the super weird calls we get at UCO.",7,kaq3u,http://imgur.com/v5X1Z,1,1315648841.0,,2011-09-10 05:00:41
28,"So, who is everyone?",7,k53u2,https://www.reddit.com/r/UCO/comments/k53u2/so_who_is_everyone/,17,1315233363.0,"As far as I know, I've only met one other UCO redditor.

My name is Jake, I'm a freshman, I live in the suites, and (for the moment) I'm a Computer Information Science major... I enjoy long walks on the beach-- I mean.... yeah, that's me. So, who else do we have lurking the UCO subreddit?",2011-09-05 09:36:03
29,Grow a college Subreddit Competition,7,j80xa,https://www.reddit.com/r/UCO/comments/j80xa/grow_a_college_subreddit_competition/,8,1312428255.0,"[Link Here!](http://blog.reddit.com/2011/08/grow-college-subreddit-competition.html)

We have like 17,000 people going to UCO, I think we can do this.",2011-08-03 22:24:15
30,Politics at UCO,6,gpdq3w,https://www.reddit.com/r/UCO/comments/gpdq3w/politics_at_uco/,4,1590300532.0,Is UCO A very liberal/democratic/progressive school?,2020-05-24 01:08:52
31,What's the best place to study when the library is closed?,6,dn7giz,https://www.reddit.com/r/UCO/comments/dn7giz/whats_the_best_place_to_study_when_the_library_is/,3,1572083744.0,"I just got in my car to go to the library and realized that it's closed today at 6.  I don't like studying in my room, where in this town could one study?",2019-10-26 04:55:44
32,Why I hate myMathLab,6,3ps0cv,http://imgur.com/gallery/uNXXMcV/new,1,1445553332.0,,2015-10-22 17:35:32
33,I've been accepted! Now what?,7,2tsarf,https://www.reddit.com/r/UCO/comments/2tsarf/ive_been_accepted_now_what/,5,1422348754.0,"I have been accepted to UCO for Fall of 2015! I am super excited, but as the oldest child, and the first person in my immediate family to go to college, I'm a little lost. Is there any advice you guys could give me to help me have the best possible time at UCO?",2015-01-27 02:52:34
34,Any League of Legends players living on campus?,7,2dgnca,https://www.reddit.com/r/UCO/comments/2dgnca/any_league_of_legends_players_living_on_campus/,6,1407984386.0,"While the connection isn't great, I'm looking for some more people to play League with. Would love to meet people who have similar interests.",2014-08-13 21:46:26
35,9-11-2013 Flag Day (Picture),6,27t0oo,http://imgur.com/Vk6IJBi,3,1402452802.0,,2014-06-10 21:13:22
36,Murdaugh Harlem Shake,5,18sm08,http://www.youtube.com/watch?v=mzNDzQHfIqU,2,1361272086.0,,2013-02-19 05:08:06
37,2/12 UCO is shutting down at 1 p.m. today.,6,18e2fg,https://www.reddit.com/r/UCO/comments/18e2fg/212_uco_is_shutting_down_at_1_pm_today/,1,1360722784.0,Afternoon and night classes are canceled. Offices are closed as well. Enjoy the snow day! ,2013-02-12 20:33:04
38,IT Maintenance Notification for 9/9!,6,zgvr2,https://www.reddit.com/r/UCO/comments/zgvr2/it_maintenance_notification_for_99/,4,1346993714.0,"Howdy fellow Bronchos!!

Your friendly IT team has decided that they have nothing better to do this weekend and are going to wreak havoc on the network! Okay, not really. Well, maybe a little, but don't tell anyone! ;) So, while you guys are sleeping off the previous nights' extravaganza, your fellow IT folks will be doing what we do best...IT stuff.

As usual, we are going to be performing maintenance this Sunday from 5 a.m to 10 a.m.  Here are some of the highlights of this weekends maintenance:

* The Central Authentication Service server will be brought down to clean up some log files that have been growing for some time.  This should be unavailable for approx. 5 to 10 mins.  Should this change or we encounter some issues, I will post an update immediately to r/UCO. 

* The D2L URL train.uco.edu is being changed to learn.uco.edu.  As a proactive measure, we have already configured the CAS to accept this URL.  As soon as the DNS change is made and the CAS is back up, you guys can start using the new learn.uco.edu URL. (Happy Dance!)

* UConnect Portal will be doing a database re-index this weekend. During this period, UConnect may be unavailable.

* Our Database admins will be conducting some maintenance on Banner in order to make password complexity fall in line with University policy.  They will also be making a small change to Banner that will hopefully keep the channels in UConnect from crapping out so often.

* UCO Streaming services will be unavailable while we apply some patches to this server. 

We hope everyone has a good weekend and for those of you old enough, try not to have too much fun at the Choctaw Oktoberfest!  

Ein prosit der gemÃ¼tlichkeit!",2012-09-06 23:55:14
39,Best place to sell textbooks?,6,ym9yo,https://www.reddit.com/r/UCO/comments/ym9yo/best_place_to_sell_textbooks/,2,1345634612.0,"So I just moved to Edmond and I'm a freshman at UCO, and I purchased all the books I needed from the bookstore before classes began.

I have come to find out that I only need the textbook for 2 out of my 4 classes, so I have two books I need to sell, I need every penny I can get.

Bookstore sales are final, right? So I can't go return them? Where's the best place to sell them? I really don't know what to do.

Thanks!!",2012-08-22 06:23:32
40,[UPDATE] IT Maintenance Notification for 8/16!,6,yh53o,https://www.reddit.com/r/UCO/comments/yh53o/update_it_maintenance_notification_for_816/,1,1345421173.0,All maintenance was successful this morning.  All systems are online and available.  Hope you all enjoy the rest of your Sunday!,2012-08-19 19:06:13
41,Interested in Studio Art on campus? We have a club!,6,v21zs,https://www.reddit.com/r/UCO/comments/v21zs/interested_in_studio_art_on_campus_we_have_a_club/,7,1339727977.0,"A club that is on the rise after a couple years of stagnation, the UCO Student Art Association is always looking for more members. If you're a studio art major, art history major, humanities major, graphic design (although they also have their own club) or you're simply interested in art, please feel free to stop by!


We aren't meeting as a club until the fall semester starts, but the officers (I'm Treasurer) are meeting during the summer to plan some great things.


The club is also in contact with several galleries in the metro area and we have a few shows lined up that are still taking submissions. The next one is at DNA Galleries and the theme is ""Mythology!"" 


We update our Facebook page with all the new shows, workshops, and notes from club meetings and it's open to the public to join.

https://www.facebook.com/groups/UCOSAA/

We'll also have a booth during Stampede Week if you want to stop and say hello!",2012-06-14 21:39:37
42,06/17 IT Maintenance Notification!,6,v1t8w,https://www.reddit.com/r/UCO/comments/v1t8w/0617_it_maintenance_notification/,5,1339718676.0,"Bronchos!

It's our favorite time of the month!! This Sunday, between 05:00AM and 10:00AM, we will be conducting part of our semi-monthly IT maintenance.  This is our first time to post about our maintenance days.  I'm going to speak with our IT Director and see if we can get permission to post more details about our maintenance activities.  Have questions?  Feel free to comment and I'll try to answer questions as best I can.  Hope everyone has a great Fathers Day!  

For a list of scheduled maintenance dates and times for future months:

http://www.uco.edu/technology/support/maintenance.asp

",2012-06-14 19:04:36
43,UCO blocks Imgur?,6,uv2qq,https://www.reddit.com/r/UCO/comments/uv2qq/uco_blocks_imgur/,6,1339391150.0,Lately I've noticed that I can no longer access imgur from UCO's wifi. Yet it works fine anywhere else. Why would they single out Imgur? Is anyone else having this problem?,2012-06-11 00:05:50
44,Any Computer Science majors? Looking to major and would like to hear some experiences.,5,unls7,https://www.reddit.com/r/UCO/comments/unls7/any_computer_science_majors_looking_to_major_and/,1,1338995124.0,"Hi UCO Redditors! Surely nothing goes together better than Computer Science majors and Reddit, so I was hoping that I might find some to talk to here. Looking into going to school for CS, but definitely want to do my research first and see what my options are.

How was your experience? Do you feel like you are learning/have learned the critical knowledge pertaining to CS? Best/hardest parts of the courses? Etc.

Thanks and have a good day!",2012-06-06 10:05:24
45,"UCO Skeptics Co-Host 'Disbelief Discourse,' Jan. 17.",4,odwsy,https://www.reddit.com/r/UCO/comments/odwsy/uco_skeptics_cohost_disbelief_discourse_jan_17/,0,1326406840.0,"UCO Skeptics Co-Host 'Disbelief Discourse,' Jan. 17
Date: Jan 11, 2012 5:01:00 PM
The UCO Skeptics will co-host (with the Oklahoma Atheists) the monthly ""Disbelief Discourse"" from 7:309:30 p.m. Tuesday, Jan. 17, in Room 115, Education. 

This month's speaker will be award-winning children's singer-songwriter Monty Harper. Harper writes childrens songs about science, reading and creativity. He will speak how he disseminates science and science appreciation to a wide audience through his library program and podcast Born to Do Science. He'll also be performing songs from his latest album, ""Songs from the Science Frontier."" The link to Harper's website is http://www.montyharper.com/.

The UCO Skeptics promote an evidence-based outlook on the world, especially toward claims involving supernatural, paranormal and pseudoscientific elements.  

Learn more by visiting the UCO Skeptics website. For more information, search ""UCO Skeptics"" on Facebook or Twitter (@UCOSkeptics).",2012-01-12 16:20:40
46,So apparently this is the last semester UCO is going to use webct,6,kc439,https://www.reddit.com/r/UCO/comments/kc439/so_apparently_this_is_the_last_semester_uco_is/,3,1315785163.0,Just thought it might interest some people here. One of my teachers this semester told us that UCO is in negotiations to get rid of webct and get a new program designed for them.,2011-09-11 18:52:43
47,Moving in tomorrow.,6,ji5w2,https://www.reddit.com/r/UCO/comments/ji5w2/moving_in_tomorrow/,5,1313318612.0,"So yeah, as the title says, I'm moving into my dorm tomorrow. Hoping everything goes well, lol. It's my first semester at college and I know exactly 0 people besides a girl from my high school that graduated a year before me. Anyone else here living in the Uni Suites? :D",2011-08-14 05:43:32
48,UCO opens CO-OP Esports Gaming Arena â€“ The Journal Record,5,imh4uc,https://www.reddit.com/r/UCO/comments/imh4uc/uco_opens_coop_esports_gaming_arena_the_journal/,1,1599259212.0,"[https://journalrecord.com/2020/08/27/uco-opens-co-op-esports-gaming-arena/](https://journalrecord.com/2020/08/27/uco-opens-co-op-esports-gaming-arena/)

 \* Spending your time playing MTV video games is no way to go through life son.",2020-09-04 17:40:12
49,West Hall Dorms Questions,5,hmoc5y,https://www.reddit.com/r/UCO/comments/hmoc5y/west_hall_dorms_questions/,4,1594127665.0,"Hello! Fall will be my first semester at UCO, and I am living in West Hall. Here are some questions I have for former or current residents:

1. Is there an elevator? (My room is on the 3rd floor, and I am wondering how I will get a 50lb fridge upstairs if there isn't an elevator.)
2. Who controls the temperature of your room/hall/floor?
3. Are the showers warm?
4. Have you ever had anything stolen from the laundry room?
5. If I bring dishes, is there a place to wash them? If not, is it weird to wash bowls in the bathroom?
6. (For current students) Do you have any idea how living and dining will be affected due to COVID?",2020-07-07 08:14:25
50,An Annual Letter to the Graduates of the University of Central Oklahoma (2020) â€” Natetheworld,4,gfby5c,https://natetheworld.squarespace.com/natetheworld/2020/5/7/an-annual-letter-to-the-graduates-of-the-university-of-central-oklahoma-2020,0,1588904160.0,,2020-05-07 21:16:00
51,If the red/pink areas say from 4pm-7am where am I supposed to park?,5,csh4a1,https://i.redd.it/hdzz3s04reh31.jpg,4,1566250295.0,,2019-08-19 16:31:35
52,"OK Election board offers tips, reminders for those voting in today's Primary 6/26/2018",5,8tzecm,https://kfor.com/2018/06/25/oklahoma-state-election-board-offering-tips-reminders-for-voters-ahead-of-primary/,0,1530042883.0,,2018-06-26 14:54:43
53,Does anyone know anything about the Rocket League Tournament?,5,7gamtc,https://www.reddit.com/r/UCO/comments/7gamtc/does_anyone_know_anything_about_the_rocket_league/,1,1511959595.0,"I heard it was sponsored by the tech store, I was wondering if there were any prizes or what not, and how to sign up?",2017-11-29 06:46:35
54,UCO public safety survey â€” please participate!,5,7ejn6g,https://uco.co1.qualtrics.com/jfe/form/SV_9vKBywvaXV3sqCp,1,1511315192.0,,2017-11-21 19:46:32
55,"Remember that there will be 3 options for president on the ballot in Oklahoma this year. Don't forget about the Libertarian Canidate, the Former Governor of New Mexico Gary Johnson.",5,4truzd,https://www.reddit.com/r/UCO/comments/4truzd/remember_that_there_will_be_3_options_for/,0,1469059465.0,"Gov. Gary Johnson was a 2 term Republican Governor in the State of New Mexico. His running mate, Gov. Bill Weld, was a 2 term Republican Governor from Massachusetts. We believe both have supported a wide array of socially liberal issues while remaining fiscally conservative. 

The Libertarian Party is on the Ballot in Oklahoma, and will be on the ballot in all 50 States this election year. We ask you to visit the campaign website and see where you stand with our issues. We are Pro LGBT and marriage equality, and Pro Gun. We support a woman's right to choose, while wanting to also cut your taxes and bring business back to the United States. 

Give us 4 years. And if in 4 years we as a people decide we don't like peace, prosperity, and freedom, we can always vote tyranny back into office again. 

To find out more about the Johnson Weld Campaign, click [here](https://johnsonweld.com/)

To find out more about our efforts here at home, visit our facebook page [Live Free Oklahoma](https://www.facebook.com/groups/1554994004807999/).

Live Free.",2016-07-20 19:04:25
56,missing journal,4,4on1eh,https://www.reddit.com/r/UCO/comments/4on1eh/missing_journal/,0,1466251985.0,"I took a nap on a bench near the pond and used my journal as a pillow, left the journal on the bench in a sleepy daze and dash. I live in Sapulpa and was waiting on my person to get out of class.  It's black and crocodile skin. If anyone sees it lingering, I could use my therapy back. To whomever finds it and also happens to see this post, you're in for a wild ride. May the cards ever be in your favor and also in mine. ",2016-06-18 07:13:05
57,Are you a current student? Do you like pizza?,4,3pamv3,https://www.reddit.com/r/UCO/comments/3pamv3/are_you_a_current_student_do_you_like_pizza/,3,1445244981.0,"If you are a current UCO student there's a promo from Papa John's for half off any online order.  

Use promo code: Bronchos20

(Just passing of the info, haven't tried it to verify!)",2015-10-19 03:56:21
58,Wetwork: Water gun assassination game for adults?,5,33pesc,http://Www.wetworkokc.com,1,1429908095.0,,2015-04-24 15:41:35
59,Why does the Liberal Arts building always smell like the pachyderm area of the zoo?,4,32qxpq,https://www.reddit.com/r/UCO/comments/32qxpq/why_does_the_liberal_arts_building_always_smell/,4,1429172277.0,what's the cause?,2015-04-16 03:17:57
60,Financial Aid Office,4,2brc0b,https://www.reddit.com/r/UCO/comments/2brc0b/financial_aid_office/,5,1406380789.0,Am I the only one who thinks that the Financial Aid Office does not seem to care about the what the students need? I realized that the employee that I talked to seemed like she had better things to do then to talk to students. She was not very helpful with answering the questions that I had asked her.,2014-07-26 08:19:49
61,Google asked me to complete a captcha before I searched for something. Anyone else have this problem?,5,22tpyu,https://www.reddit.com/r/UCO/comments/22tpyu/google_asked_me_to_complete_a_captcha_before_i/,4,1397295477.0,"I got [this](http://imgur.com/h4ptJEe) when I was searching for information on the OGET teaching test.  It says suspicious searches have been coming from this IP address.  I don't know much about how UCO's network works, so correct me if I'm wrong, but don't we all share one IP address?  I can't think of anything I've searched that would piss off the Google Gods.  Has anyone else ran into this while using UCO's Wifi?",2014-04-12 04:37:57
62,"Does UCO have a ""death policy""",5,21xuuv,https://www.reddit.com/r/UCO/comments/21xuuv/does_uco_have_a_death_policy/,1,1396402531.0,"I am recently dealing with the death of my mother.  Due to the issues it's causing my family, as well as settling her affairs, it is making school work pretty much impossible.  I feel I may need to withdraw, but at the same time I don't want it showing up as an I or W on my transcript.  Does anyone know what UCO's ""death policy"" is?",2014-04-01 20:35:31
63,smartphones and uconnect,6,190qr2,https://www.reddit.com/r/UCO/comments/190qr2/smartphones_and_uconnect/,5,1361570369.0,Anyone able to use uconnect on their smartphone? Seems like every time I try to enter my login info my browser refreshes the page.,2013-02-22 15:59:29
64,Meetup in August?,6,xj6fc,https://www.reddit.com/r/UCO/comments/xj6fc/meetup_in_august/,9,1343891146.0,"There seems to be a lot more of us here lately, so what if we actually met each other and maybe talked and maybe even smiled?

Would anyone be interested? It could be on campus so the psychos don't know where you live, and maybe we could even swing by bringing some snacks. I know there are a few people just moving into Edmond that'd like to meet some others. And we could do it somewhere inside. Just a thought!",2012-08-02 02:05:46
65,IT Maintenance Notification for 7/8!,4,w449n,https://www.reddit.com/r/UCO/comments/w449n/it_maintenance_notification_for_78/,2,1341577509.0,"Bronchos!

It's our favorite time of the month!! This Sunday, between 05:00AM and 10:00AM, we will be conducting part of our semi-monthly IT maintenance. Our maintenance this weekend involves upgrading the [Master Calendar](http://calendar.uco.edu). During this process the calendar will be unavailable.  Once maintenance has been completed, we will make an update post.  Hope everyone had a great 4th and that everyone has a great weekend. 

[Here](http://www.uco.edu/technology/support/maintenance.asp) is a list of future maintenance dates and times.  
",2012-07-06 07:25:09
66,Emergency Maintenance on UConnect!,6,vcvsg,https://www.reddit.com/r/UCO/comments/vcvsg/emergency_maintenance_on_uconnect/,3,1340268694.0,"Bronchos!!!

Tonight (2a.m. really) we will be restarting UConnect to resolve some functionality issues between UConnect and Desire2Learn.  Restart should take less than an hour.  If you have any questions, please feel free to comment.   

UPDATE:  Spoke with the Portal Admin this morning and everything went well last night (early this morning).  If you have any issues, please report them to the Help Desk.",2012-06-21 03:51:34
67,UPDATE: 6/17 IT Maintenance has been completed.,5,v6dq7,https://www.reddit.com/r/UCO/comments/v6dq7/update_617_it_maintenance_has_been_completed/,0,1339968007.0,Maintenance has been completed and all UCO services are available.  Hope everyone has a great Fathers Day!,2012-06-17 16:20:07
68,A Guide to Student Housing and Dining,5,v0t6t,https://www.reddit.com/r/UCO/comments/v0t6t/a_guide_to_student_housing_and_dining/,1,1339663649.0,"Hey guys, my name is Jake and I just finished my freshman year at UCO. As I lived on campus my entire first year and had little idea what to expect going in, I thought I would share with any incoming freshman on this subreddit my experiences and offer a little advice. (I'm also incredibly bored at work, so I have the free time to do this.)

There are four options for student housing:

Murdaugh/West Hall

Central Plaza (CP)

The Commons

The Suites

**Murdaugh/West Hall**
This is the basic ""college"" dorm. Murdaugh is a men's dorm and West Hall is a women's dorm. These dorms have communal bathrooms and there are two people to a room. I did not live here, so I do not have a lot of insight as to the details, but I chose not to live here because I did not want communal restrooms. Both are located somewhat centrally on campus, so you would not have a long walk to class. This is also the cheapest option.

**Central Plaza (CP)**
CP is a dorm that used to be a hotel. It is across the street from UCO and will give you the longest walk to classes. There is a deli on the first floor of CP that takes flex dollars and meal trade options. The beds are bigger here than the suites as well. (I think they're full size)

**The Commons**
The Commons are apartment-style housing. There are two-bedroom and four-bedroom Commons. Both options have two bathrooms, as well as a kitchen and a living room. If you live in the Commons, you are not required to have a meal plan, which makes it significantly less expensive. Personally,  I wish I had chosen to live here.

**The Suites**
The suites are just as they sound, suite-style dorms. There are doubles and quads, and the beds are extra-long twins. I lived in a quad-suite my freshman year, and while I enjoyed it, I would never do it again. My roommate and I never met our suitemates, just shared a bathroom with them. The Broncho Sports Grill, the best place to eat on campus outside of the Nigh food court, is located on the first floor of the Suites, which is a plus.


For meal plans, I would suggest getting the 7 meals per week with the high amount of flex dollars. There are a few things in the Grill that you cannot use a meal-trade for, so I enjoyed the high amount of flex, and if you do not have any meals left that week, you can buy a meal with flex dollars.

If anyone has any questions or suggestions to add, just let me know, and thanks for reading.",2012-06-14 03:47:29
69,UCO Gaming Group,3,v040l,https://www.reddit.com/r/UCO/comments/v040l/uco_gaming_group/,7,1339637249.0,"Does anyone know if UCO has a serious gaming organization? If they don't I plan on setting one up, I just want to make sure I am not going to step on anyone's toes if I try to! I am looking more for LANs and other similar get togethers, and not necessarily chess or board games.",2012-06-13 20:27:29
70,UCO Student E-mail Switching to G-mail! Info.,5,t792p,https://www.reddit.com/r/UCO/comments/t792p/uco_student_email_switching_to_gmail_info/,1,1336186563.0,"Hey guys! 

So, you've possibly heard that all student e-mail will be switching to G-mail accounts. I'm a beta tester and work at tech support so I thought I'd give some insight.

What this means is:

- Still keeping your @uco.edu address
- More space for storage
- Your old e-mails shown on UCOnnect will ALL be transferred (mine did)
- More customization for your inbox
- A deleted folder!!!! 
- No having to go to UCOnnect to access e-mail

**But most importantly**
- E-mail sent straight to your phone! You'll set it up through Exchange and it's so much easier.

In any case, it's mostly a thousand times better than the old e-mail. 

But here's a link to the UCO page about it!

http://www.uco.edu/technology/projects/student-email/index.asp",2012-05-04 21:56:03
71,PCB for Spring Break!,6,puspg,https://www.reddit.com/r/UCO/comments/puspg/pcb_for_spring_break/,12,1329563553.0,"Any Bronchos interested?
It would be great if we could gather a huge group and represent UCO in Panama city beach
",2012-02-18 05:12:33
72,Robotic Exploration of Space - NASA JPL Chief Scientist will be giving a talk at UCO 4/14/11.,5,gp1ve,https://www.reddit.com/r/UCO/comments/gp1ve/robotic_exploration_of_space_nasa_jpl_chief/,1,1302731543.0,"[Repost from /r/Oklahoma](http://www.reddit.com/r/oklahoma/comments/g1ylt/robotic_exploration_of_space_nasa_jpl_chief/) (just in case you missed it over there).

Robotic Exploration of Space  
Dr. Dan McCleese, Chief Scientist, JPL  
Thursday April 14, 2011  
4:00PM Constitutional Hall  
Nigh University Center   
UCO   


>Space faring robots extend the reach of humans across the Solar System and beyond.  In this talk we will explore how these spacecraft are created and the remarkable discoveries they have enabled.  We will discuss the role played by space science in understanding the origin, evolution, and ultimate fate of the Earth and cosmos; and describe the opportunities available to participate in thie ongoing quest for knowledge.

    
>Dr. Dan McCleese is chief scientist for NASA's Jet Propulsion Laboratory. In this role, he is responsible for leadership of the scientific and research community at JPL, and serves as the focal point for interactions with universities and the external research community. He is the principal investigator for the Mars Climate Sounder instrument on NASA's Mars Reconnaissance Orbiter. Between 1994 and 2006, McCleese served as JPL's chief scientist for Mars exploration, working with the international science community to establish the present and future strategy for exploring Mars.


>McCleese was a Fulbright Scholar at Jesus College, Oxford University in the United Kingdom, where he earned his doctorate in atmospheric physics. Since coming to JPL, he has worked on NASA missions to study Earth's atmosphere, Venus and Mars. He has been a visiting associate in planetary science at the California Institute of Technology since 2000, and in 2005, he received NASA's Outstanding Leadership Medal.",2011-04-13 16:52:23
73,UCO Student Engagement and Experience - Survey,4,lp3j50,https://www.reddit.com/r/UCO/comments/lp3j50/uco_student_engagement_and_experience_survey/,0,1613961716.0,"Hello, UCO community! I am currently working on this independent survey to understand better what first-year and transfer students experience during their new institution's initial year. I would genuinely appreciate it if you could take this survey and tell me how you are doing or how you did during that time of your life. I believe there should be more resources for students' integration, especially when they come in. It will take you less than a minute. Thank you!

&#x200B;

Link: [https://forms.gle/EeKNqKgtT1wRUzkn6](https://forms.gle/EeKNqKgtT1wRUzkn6)",2021-02-21 20:41:56
74,Transfering Spring 2021,3,jlxuns,https://www.reddit.com/r/UCO/comments/jlxuns/transfering_spring_2021/,2,1604240491.0,Idk if anyone will see this but what is UCO like ? Are majority students commuters? Do people go to oklahoma city a lot ?,2020-11-01 08:21:31
75,Looking for guy roomates off campus.,3,gr9q13,https://www.reddit.com/r/UCO/comments/gr9q13/looking_for_guy_roomates_off_campus/,0,1590570160.0,Iâ€™m 20 years old junior and looking for a couple of roomates to either grab an apartment or a house in Edmond! I played baseball at Cameron and decided to transfer. Not gonna say Iâ€™m a huge partier but I donâ€™t not party. Hmu and see whatâ€™s good ðŸ˜‚ idek how to do this shit,2020-05-27 04:02:40
76,Tuition,4,e4tvhd,https://www.reddit.com/r/UCO/comments/e4tvhd/tuition/,1,1575290897.0,So is tuition only charged at the beginning of the school year or at the beginning of each semester here at UCO? Like not considering the classes or whatever that's obviously charged each new semester.,2019-12-02 06:48:17
77,Mechanical Engineering Major Change,4,bdzpg8,https://www.reddit.com/r/UCO/comments/bdzpg8/mechanical_engineering_major_change/,1,1555480194.0,"Hello engineers, I need some insight. I have changed my major from Business M.I.S. to Mechanical Engineering and have 2-1/2 years left. I'm at a smaller school that is ABET accredited (UCO). There are two larger schools in my state (University of Oklahoma and Oklahoma State University) and I don't know how my degree from a smaller school will stack up vs the graduates from OSU and OU. My GPA is going to be sub 3 most likely so I can't rely on  a great GPA to overcome the gap of coming from a smaller school. I'd rather not transfer schools and want to stay at UCO. If anyone has graduated in a similar situation or from UCO with an engineering degree could you tell me if there will be jobs on the other side?

&#x200B;

I know nothing is guaranteed, especially in the job market. I would just like some honest input on my situation. Thanks!",2019-04-17 00:49:54
78,Undergrads! Take this survey!!,3,847mpy,https://msu.co1.qualtrics.com/jfe/form/SV_aXLwyR6YeyevRQh,1,1521003518.0,,2018-03-13 23:58:38
79,"If you have an interest in state or local politics, including higher ed policy, check out /r/OklahomaPolitics!",4,7ief3l,https://www.reddit.com/r/OklahomaPolitics/,0,1512761578.0,,2017-12-08 13:32:58
80,FREE ICY DRINK ANYONE? :),4,6mmen1,https://www.facebook.com/ok7eleven/photos/a.469902096401714.108672.109303449128249/1485513428173904/?type=3&theater,0,1499810674.0,,2017-07-11 17:04:34
81,"Incoming Fall 2017 freshman, worried about making friends",4,5gucgt,https://www.reddit.com/r/UCO/comments/5gucgt/incoming_fall_2017_freshman_worried_about_making/,5,1481076082.0,"Hey! Like the title states im an incoming freshman (got officially accepted around 18 hours ago) and I'm pretty worried about making friends and getting adjusted, as my current school is pretty cliquey. My interests are pretty inherently kinda nerdy and niche. (Anime, videogames like league and overwatch, cosplay, etc.)
Is there any like universal place to find a group of friends or an easy way to seek people with the same interests?
Thanks!! :)",2016-12-06 20:01:22
82,Red Cross at MidTown Apartments Today,3,546451,https://www.reddit.com/r/UCO/comments/546451/red_cross_at_midtown_apartments_today/,0,1474683200.0,"Give Blood...Save a Life.  12pm-6pm today!

6001 N. Brookline Avenue.
Oklahoma City, OK 73112
405-842-1438
mid-townapartments.com",2016-09-23 21:13:20
83,Untransformative Central 6?,3,4nlfo3,https://www.reddit.com/r/UCO/comments/4nlfo3/untransformative_central_6/,2,1465681434.0,"Has anyone else heard of the ""Central 6""? The 6 things to do before graduating? I can't remember all of them. The ones I remember are:
1) Swim in Broncho Lake
2)Sleep with a girl from West Hall, in West Hall
3) Break into Old North 
4) Steal one of those UCO banners that are on the light posts
5) ???
6) ???
Anyone else know/remember these?",2016-06-11 16:43:54
84,Anybody know about the board game club?,4,3rdpf8,https://www.reddit.com/r/UCO/comments/3rdpf8/anybody_know_about_the_board_game_club/,1,1446602239.0,"They have an OrgSync page, but I can't find anything about them, and I'm looking for some people to play Pokemon cards with.",2015-11-03 19:57:19
85,7/1 Network Issues,5,3bt38c,https://www.reddit.com/r/UCO/comments/3bt38c/71_network_issues/,2,1435819231.0,"Hey all, basically the complete network is down right now. No internet or offsite access to the website. IT is working on the issue but there is no ETA at this time. ",2015-07-02 01:40:31
86,Any UCO students play WoW?,4,3anxka,https://www.reddit.com/r/UCO/comments/3anxka/any_uco_students_play_wow/,2,1434966402.0,"Im an incoming junior, just wonder if there are any other WoW players out there.",2015-06-22 04:46:42
87,Anybody know what the admission rate is for the MBA program?,4,34zwm9,https://www.reddit.com/r/UCO/comments/34zwm9/anybody_know_what_the_admission_rate_is_for_the/,2,1430896126.0,"I got my Bachelor's Degree in Finance from Texas A&M in 2010 with a 3.01 GPA. Since then I've had a few different jobs, but for the last 2 years I've been in mortgage/reverse mortgage servicing. I know this isn't enough to go on, but based on all of that how are my chances?

Also, as a non-student, would I be able to meet with a counselor or someone in admissions to discuss my application and/or my options moving forward?

Any information would be much appreciated. Thanks in advance!",2015-05-06 02:08:46
88,How's your semester going?,4,32epo5,https://www.reddit.com/r/UCO/comments/32epo5/hows_your_semester_going/,3,1428928491.0,"We're almost done with spring 2015, how's your semester been so far?

Mine's been decent, stressful and full of coffee. Grades so far have been decent and get to enroll for the fall on the 14th at 5AM assuming UCONNECT will be working.",2015-04-13 07:34:51
89,Access to publishing sites from off campus ISP,4,1hjbe4,https://www.reddit.com/r/UCO/comments/1hjbe4/access_to_publishing_sites_from_off_campus_isp/,10,1372841942.0,"Some publishing sites will only allow student access from UCO's wireless network on campus. Is there a way to get access to these publishing sites from off campus by setting up a vpn or something along those lines?

edit:I spoke to the resource library desk and I think I may have found a way around my issue. Here's my issue:

library.uco.edu>specific database (i.e. cinahl or ulrich's)>article search & result>""find it"">scidirect/sciverse requires login info to d/l .pdf

I think I can get around this by searching the specific result in the corresponding database:

article search result (from above)>library.uco.edu database list>database (scidirect/sciverse)>type in search criteria that will find me the article I want

I think the problem was that the search result from first database would link to (""find it"") the article in another database. Maybe that second database doesn't get the info it needs to give access? I'll update here if I run into this problem again. Thanks for your help!",2013-07-03 03:59:02
90,"Hello, I was wondering what the computer science program at UCO was like. Is it worth it?",3,1c2uxo,https://www.reddit.com/r/UCO/comments/1c2uxo/hello_i_was_wondering_what_the_computer_science/,14,1365647513.0,I am a highschool senior in Oklahoma and currently have been accepted to UCO and SHSU. ,2013-04-10 21:31:53
91,Interesting/Unique classes? ,4,12ksno,https://www.reddit.com/r/UCO/comments/12ksno/interestingunique_classes/,1,1352001187.0,"So, I was reading this thread

http://www.reddit.com/r/AskReddit/comments/12ju1a/what_iswas_the_most_unique_class_you_took_in/

and it got me wondering if UCO offers any neat classes like this. Anyone know of any? ",2012-11-03 22:53:07
92,I need a roommate,4,1241y5,https://www.reddit.com/r/UCO/comments/1241y5/i_need_a_roommate/,2,1351261252.0,"I'm currently a sophomore at UCO and in need of a roommate for the upcoming winter/spring semester. If anyone is looking for a roommate or knows someone that is, let me know. I don't have an apartment right now so I could move in with you or we could get a new one together. Also, do you know of any other effective ways of looking for roommates?
Thanks",2012-10-26 09:20:52
93,D2L Short Tutorials All Week,6,ymxuh,https://www.reddit.com/r/UCO/comments/ymxuh/d2l_short_tutorials_all_week/,1,1345672093.0,"They're 20 minute overviews to give you a general idea of the utility and are going on for today and tomorrow. 

Today's are in Heritage Room in the Nigh Center, and tomorrow's are in Constitution Hall, also in the Nigh. ",2012-08-22 16:48:13
94,A humble request for some cheap textbook site love.,2,y9hze,https://www.reddit.com/r/UCO/comments/y9hze/a_humble_request_for_some_cheap_textbook_site_love/,12,1345071613.0,"That magical time of year when I get to toss money to the textbook racket is here.  I've done some searching throughout Reddit and the interwebs for decent sites to purchase from, but I'd like to know what everyone here uses and their experiences with them.

Obviously, there are torrents.. but I enjoy the feel of a tangible copy and I don't really enjoy using titans like Amazon.

Any recommendations would be awesome! Thanks.



",2012-08-15 18:00:13
95,Study Website,4,vz9ic,https://www.reddit.com/r/UCO/comments/vz9ic/study_website/,1,1341354316.0,"So i am building a study web site for those of us in college! www.getthefout.net Its like a big share drive for students. We need help. If you want to donate some time coding. (php/sql html/css) let me know and ill put you on staff! (and eventually maybe get paid for it too) right now we are doing everything to get the site off the ground and self sustaining. so if you wanna help lemme know!
",2012-07-03 17:25:16
96,Smoking on campus,3,q02pd,https://www.reddit.com/r/UCO/comments/q02pd/smoking_on_campus/,9,1329897074.0,My English professor told our class that it was technically legal to smoke on campus. She claims that since UCO is partially funded by the government the college itself doesn't have the authority to prohibit smoking on school grounds. Does anyone know anything about how true this is?,2012-02-22 01:51:14
97,Roommate Needed!!! ,5,mu36w,https://www.reddit.com/r/UCO/comments/mu36w/roommate_needed/,1,1322644582.0,"Me and a friend are looking to move out of the apartment we're staying at right now. We're having too many roommate problems, and the place is very far from UCO. Do you guys know what I could do to find a roommate? or know anyone that needs a roommate or anything.",2011-11-30 03:16:22
98,Shackathon!,2,l724n,https://www.reddit.com/r/UCO/comments/l724n/shackathon/,4,1318284486.0,Anyone else toughing it out this week? When I'm not in class or at work ill probably be in the huge Kappa Sigma shack right under the clock by broncho lake. Come say hi. :D,2011-10-10 17:08:06
99,Homecoming,2,ko5kg,https://www.reddit.com/r/UCO/comments/ko5kg/homecoming/,5,1316744484.0,"Needs to be over already.

That is all.

I miss sleeping at reasonable hours.",2011-09-22 21:21:24
100,Happy July!,4,if52e,https://www.reddit.com/r/UCO/comments/if52e/happy_july/,4,1309661300.0,"Hey it's July and I'm posting in the UCO subreddit. Whee.

Anyway, how are things with everyone?",2011-07-02 21:48:20
101,Regents name Northeastern President Don Betz to top post at UCO.,4,hqb7h,http://tahlequahdailypress.com/breakingnews/x1315237696/Betz-leaving-NSU-for-UCO,0,1307085000.0,,2011-06-03 02:10:00
102,UCO Forensic Science Institute offering free data recovery for storm victims.,5,hp2pp,http://www.tulsaworld.com/news/article.aspx?subjectid=11&articleid=20110601_11_0_hrimgs768462,0,1306966130.0,,2011-06-01 17:08:50
103,Clubs/organizations?,3,l188ju,https://www.reddit.com/r/UCO/comments/l188ju/clubsorganizations/,5,1611174561.0,"What are some good clubs/organizations for a business major to join? Are there any food business majors specifically?

*for",2021-01-20 14:29:21
104,"""Protecting our Community""",3,jffn3s,https://v.redd.it/y031y4ym0hu51,0,1603324844.0,,2020-10-21 19:00:44
105,Roommates,3,ilfjvz,https://www.reddit.com/r/UCO/comments/ilfjvz/roommates/,0,1599109351.0,"Looking for a off campus roommate, moving out in October. Interested in house, or apartment. Just needs to be close to uco. Let me know if you're interested",2020-09-03 00:02:31
106,Wellness center vs other gyms,3,gwidbx,https://www.reddit.com/r/UCO/comments/gwidbx/wellness_center_vs_other_gyms/,9,1591309332.0,"New student so forgive the ignorance, but how does the uco wellness center compare to other gyms?",2020-06-04 17:22:12
107,Computer science,2,fuw3qt,https://www.reddit.com/r/UCO/comments/fuw3qt/computer_science/,3,1586044850.0,How is computer science? Any good? Do you love it?,2020-04-04 19:00:50
108,UCO stores,3,e75fod,https://www.reddit.com/r/UCO/comments/e75fod/uco_stores/,4,1575699156.0,What are the best places to get some UCO apparel that are open on weekends?,2019-12-07 00:12:36
109,Liberal Arts North Wing?,3,ci4djj,https://www.reddit.com/r/UCO/comments/ci4djj/liberal_arts_north_wing/,3,1564184126.0,"I've registered for some courses for 2019-2020 and it's saying they take place in the Liberal Arts North Wing, which I can't find on any of the school maps. 

Is this another name for the Liberal Arts Building after the renovations? 

Is it another name for the Old North building?

Any help would be appreciated, I'd hate to go to the wrong place on the first day of class.",2019-07-26 18:35:26
110,Engineering Physics,3,c1sq5d,https://www.reddit.com/r/UCO/comments/c1sq5d/engineering_physics/,0,1560832465.0,"Did anyone finish their Engineering Physics (B.S.)? If so, have you been able to get a job out of the degree (in Oklahoma)? Are the classes worth it? And can you take Biomechanics with the degree?",2019-06-17 23:34:25
111,Scantrons,3,9e6zrc,https://www.reddit.com/r/UCO/comments/9e6zrc/scantrons/,7,1536465252.0,"Hello there, where can I find scantrons? Are they sold in the Chambers Library on campus, or would I have to buy them elsewhere? I have a test on Monday that I need a Form 882E scantron for.",2018-09-08 22:54:12
112,Advisory?,3,8yde7v,https://www.reddit.com/r/UCO/comments/8yde7v/advisory/,2,1531456054.0,"I am trying to earn my associates at a local community college and then transfer for the last two years to UCO.

Does anyone know how I can get ahold of someone who could help me confirm my classes will all transfer to the bachelors?

Every time I tried I need a student ID to speak to someone which I obviously don't have

If anyone can help point me in the right direction I would be so happy.

",2018-07-12 23:27:34
113,Lost and found???,3,8fufs1,https://www.reddit.com/r/UCO/comments/8fufs1/lost_and_found/,3,1525065890.0,"I lost my chemistry book on campus, is there anyone I can contact about lost and found items?",2018-04-30 00:24:50
114,Any UCO gamers wanna hang out?,3,89fjkw,https://www.reddit.com/r/UCO/comments/89fjkw/any_uco_gamers_wanna_hang_out/,2,1522801411.0,"I am an Xbox gamer and would love to hang out with others, maybe LAN up and play. it would be super fun and a great way to meet others on campus. Let me know if anyone is interested!",2018-04-03 19:23:31
115,Anyone know which off campus parking lots will tow and which are fine to park in?,3,6x1lk8,https://www.reddit.com/r/UCO/comments/6x1lk8/anyone_know_which_off_campus_parking_lots_will/,6,1504150360.0,,2017-08-30 22:32:40
116,This subreddit is dead af lmao,5,6v8h56,https://www.reddit.com/r/UCO/comments/6v8h56/this_subreddit_is_dead_af_lmao/,2,1503402270.0,,2017-08-22 06:44:30
117,Student music club? Meeting musicians for non music related majors on campus.,3,5ly2b7,https://www.reddit.com/r/UCO/comments/5ly2b7/student_music_club_meeting_musicians_for_non/,1,1483548303.0,"Hi hi hi there. I'm going to be starting on a Bachelor's in Computer Science at UCO this semester, and I'm really interested in trying to find some like minded, talented musicians to meet and jam with and see where things go. 

My problem is that I'm not majoring in music as it just doesn't make financial sense to me, and I probably can't minor in it either. 

I've been looking on UCO's site at the student clubs/organizations and I don't see anything music related. So I was wondering if anyone here knew anything about music clubs on the campus, or how to go about meeting and playing with talented musicians, particularly for non music majors? 

Thanks! ",2017-01-04 10:45:03
118,Things to plan for Living on-campus.,3,4neqcv,https://www.reddit.com/r/UCO/comments/4neqcv/things_to_plan_for_living_oncampus/,8,1465562194.0,"So, just as a background, this isn't my first time away from mommy and daddy for a while. I am currently in the army national guard, with my training lasting thirty weeks. I'm not a true freshman. What are some things that everyone would recommend I prepare for living on-campus, be it things I should buy that aren't so common sense, to things I should do or just mentally prepare for?
I will be living in the University Suites, With a private bathroom for three people, just for reference. 

Thank you in advance for any information that may come my way.",2016-06-10 07:36:34
119,Any Mtg players?,3,3ick4d,https://www.reddit.com/r/UCO/comments/3ick4d/any_mtg_players/,8,1440547951.0,Looking to find people to play some Edh with during my breaks. I'm free from like 9:30-12:15. I'm usually in the Nigh building by the bookstore.,2015-08-25 19:12:31
120,Textbooks,3,3bj3ba,https://www.reddit.com/r/UCO/comments/3bj3ba/textbooks/,5,1435627015.0,"When is the best time to order your textbooks? I've gotten my classes and everything and it says i can order them now, but was wondering if i should wait until it is closer to the school year.",2015-06-29 20:16:55
121,Financial and School interferences,3,2y7hy9,https://www.reddit.com/r/UCO/comments/2y7hy9/financial_and_school_interferences/,12,1425728146.0,"Hello,
I am a 3rd year student working toward a bachelors in MechE. I am getting to the point (if I haven't already passed it) to start trying to become part of research opportunities with professors and internships. 
I also, unfortunately, have to pay bills which means I have to work. 
My parent's already pay for all my tuition so I don't feel like asking them to help me pay for living expenses. And living on campus would be more expensive than my current living arrangements. 

I was wondering if anybody had any suggestions on what to do. I am really just feeling overwhelmed, and I have quite a bit to go and at the rate I'm going I'll be a seventh year senior by the time I graduate. I currently work 22 hours a week, have a 10 hour course load, commute, and try to fit in 5-7 hours a week at a gym.

Also, with my parents' income I have no financial need for scholarships, so should I even bother applying for scholarships?

tl;dr
3rd year student (commuter), feeling overwhelmed with school and financial situations. Grades are okay, just falling behind in credit hours, Any advice welcome. ",2015-03-07 05:35:46
122,[xpost from /r/okc] Looking for actors/interview subjects with first-hand tornado experience.,3,1i8ccf,https://www.reddit.com/r/UCO/comments/1i8ccf/xpost_from_rokc_looking_for_actorsinterview/,0,1373771169.0,"hey /r/UCO!
a friend of mine is preparing to come to the US to shoot a full length, international documentary on tornadoes; we're interested in filming interviews with people who have had any tangible experience with them. we're looking for folks with genuine voices and emotions surrounding tornadoes. families and children are a plus! travel plans/dates are still up in the air, however my friend is aiming to travel to oklahoma later this year (~sept/oct). if any of this sounds interesting to you or if you have any guiding knowledge to share, shoot me an email at ian@kremlin.cc[2] or just reply here. we would really appreciate your help!",2013-07-13 22:06:09
123,IT Maintenance Notification for 8/16!,3,ycaze,https://www.reddit.com/r/UCO/comments/ycaze/it_maintenance_notification_for_816/,0,1345181223.0,"Well hello new and old Bronchos!

The new school year is upon us and it's time for our favorite weekend past time.  It's time for some good ol' IT maintenance.  Yup, while you guys get to sleep all nice and snuggled in your beds dreaming little dreams...your friendly IT folks will be up at about 5 A.M. doing what we do best....IT stuff.

As normal, our maintenance window is going to run from 5 a.m. to 10 a.m.  Here's some of the highlights of what we will be doing this weekend:

* Central Authentication Services will be down briefly during the maintenance window this weekend.  This means that for a brief period of time you will not be able to access your UCO GMail, D2L (Desire2Learn) and Qualtrics (University Survey System).

* The UCO Main website will be down briefly to resolve some slight performance issues.

* EMS Master Calendar will be unavailable for a brief period of time while we upgrade to the newest version (v4.0).  

* the CPDE Website (Distance Learning and Eduction) will be re-branded as CeCE (Center for eLearning and Continuing Education).  During the re-branding, the website may be briefly unavailable.

* UConnect Portal will be doing a database re-index this weekend.  During this period, UConnect may be unavailable. 

* Network team will be replacing some network switches in the NUC as well as replacing the UPS for the University Telephone System.

* UCOBlogs may be down briefly while we move that server to a new host within our virtual environment.  

I hope everyone has a great weekend!",2012-08-17 00:27:03
124,Student Art Association - Fall Semester Mixer Event!,3,xtrij,https://www.reddit.com/r/UCO/comments/xtrij/student_art_association_fall_semester_mixer_event/,0,1344381718.0,"Hey, Bronchos! Interested in the Art Club? We're hosting a Mixer event at the Edmond Fine Arts Institute this Sunday (8/12) @ 4 pm to introduce new members along with presenting our plans and ideas for the upcoming semester. 

New members, current members, and prospective members are all invited!

We'll be designing/decorating t-shirts for the Student Involvement Fair in August to wear around campus and at our booth. The event page is [here on our FB page](https://www.facebook.com/events/471702619514852/) and we just ask that if you're coming, please post ""going"" so that we have enough snacks, beverages, and t-shirts.

If you need any more info, you can PM me or just post it on the FB page. Hope to see some of you there!

PS: No, I don't think we're allowed to have alcohol at the Institute.",2012-08-07 18:21:58
125,Information on Stampede Week (Aug 19 - 23),3,xndnc,https://www.reddit.com/r/UCO/comments/xndnc/information_on_stampede_week_aug_19_23/,4,1344069709.0,"There's a calendar up on the August Newsletter, but it is very busy visually so I'm just going to write out the text.
__________________

**19 - Sunday**

* Help! Where are my classes? 4 pm - 6 pm Library

**20 - Monday**

* *Classes Start*
* Greek Fair 9:30 am - 2 pm @ Broncho Lake
* College Dating Coaches - 8 pm @ Nigh Uni Center Ballrooms

**21 - Tuesday**

* Volunteer Fair 9 am - 2 pm @ Broncho Lake
* Thumbmania 8 pm @ Wantland Stadium

**22 - Wednesday**

* Study Abroad: Your Guide to Study Abroad (Redundant) 4 pm @ Troy Smith Auditiorium Business building 113
* Stampede Week Concert 8 pm @ Plunkett Park

**23 - Thursday**

* Career Services Business & Part-Time Job Expo 9 am - 1 pm @ Broncho Lake
* UCO Night Out 5 pm - 7 pm @ Broncho Lake
* IFC Meet & Greet 5 pm - 7 pm @ Broncho Lake
* Broncho Difference Project 7 pm @ Nigh Uni Center Ballrooms

**24 - Friday** 

* Broncho Buddies: Navigating Your Community 1 pm @ Virginia Lamb Room in Human Environmental Sciences 109",2012-08-04 03:41:49
126,"Hey, new students! Lost on campus? Here's a list of campus maps.",3,umi5k,http://www.uco.edu/resources/maps.asp,0,1338951332.0,,2012-06-05 21:55:32
127,Feminism on campus... ,3,s4iir,https://www.reddit.com/r/UCO/comments/s4iir/feminism_on_campus/,4,1334189751.0,I'll be attending UCO in the fall and I was wondering if anyone knew of any feminist organizations on campus... ,2012-04-11 19:15:51
128,English Major...,3,n176e,https://www.reddit.com/r/UCO/comments/n176e/english_major/,3,1323129604.0,"I'm seriously considering attending UCO for a Masters degree in English Lit and Creative Writing. Was wondering what the program is like. Anyone know an English major I can talk to about the professors, course work, ect?",2011-12-05 18:00:04
129,anyone here in Meier Organic Chem lecture?,3,n0s3p,https://www.reddit.com/r/UCO/comments/n0s3p/anyone_here_in_meier_organic_chem_lecture/,3,1323093274.0,,2011-12-05 07:54:34
130,How do you receive UCO emails on an android phone,3,mhmxj,https://www.reddit.com/r/UCO/comments/mhmxj/how_do_you_receive_uco_emails_on_an_android_phone/,1,1321697150.0,I could only find instructions on syncing UCO's email with iPhones and Blackberries but nothing for Android phones,2011-11-19 04:05:50
131,Instagram for UCO!,3,m3jyq,https://www.reddit.com/r/UCO/comments/m3jyq/instagram_for_uco/,0,1320707899.0,"Hey guys! If anybody uses the app Instagram, please go follow the user BuddyBroncho. I was recently put in charge of our IG page, but rarely check or update it because there's not a lot of interest in it. Please help me by following and maybe then if I put up hilarious things, some decent and awesome people will see it.

EDIT: For now, this app is not compatible with Androids, but they're working on that.",2011-11-07 17:18:19
132,Need a roommate next semester!,3,l92eg,https://www.reddit.com/r/UCO/comments/l92eg/need_a_roommate_next_semester/,1,1318415174.0,"Hey guys I'm a UCO junior staying at a two bedroom off of kelly (2 minutes from campus). My roommate's graduating this semester and moving out so I'm looking for someone to fill in for next semester. Our 6 month lease actually ends in December so I would be okay with moving somewhere else if you have an empty room.

I'm a pre-med bio major so I will be spending most of my time studying but I do occasionally like to go out on weekends. Definitely let me know if you're interested and we can meet up to discuss things! 
",2011-10-12 05:26:14
133,Vista Scavenger Hunt,3,jr57v,https://www.reddit.com/r/UCO/comments/jr57v/vista_scavenger_hunt/,5,1314088034.0,Has it been claimed yet? :P,2011-08-23 03:27:14
134,What's the deal with Broncho Lake?,3,jis16,https://www.reddit.com/r/UCO/comments/jis16/whats_the_deal_with_broncho_lake/,5,1313389527.0,Can someone explain why the water in the lake is the color of a chemical toilet? Can't we just have clear water in the lake? It does not need to be blue.,2011-08-15 01:25:27
135,President Roger Webb announced his retirement from the top role at University of Central Oklahoma.,3,gzcwq,http://newsok.com/president-roger-webb-of-uco-to-retire-leaving-void-in-edmond/article/3562767,0,1304032790.0,,2011-04-28 18:19:50
136,"So, how's the internet connection at UCO?",3,gvkks,https://www.reddit.com/r/UCO/comments/gvkks/so_hows_the_internet_connection_at_uco/,3,1303565525.0,"Just curious.

I'll be living in the suites this fall, and I would hate to somehow have slower internet there than here at home. (2 Mbps download)",2011-04-23 08:32:05
137,2BLeaders,2,m15l4d,https://www.reddit.com/r/UCO/comments/m15l4d/2bleaders/,7,1615322494.0,Does anyone have any experience with the 2BL program?,2021-03-09 14:41:34
138,"Oklahoma Billionaire Chad Richison Joins The Giving Pledge, Shares His Philanthropy Goals",2,krpwfk,https://www.forbes.com/sites/giacomotognini/2020/12/18/oklahoma-billionaire-chad-richison-joins-the-giving-pledge-shares-his-philanthropy-goals/?sh=71a93a7c4cf3,2,1609975327.0,,2021-01-06 17:22:07
139,Business Major!,2,knchmx,https://www.reddit.com/r/UCO/comments/knchmx/business_major/,4,1609396372.0,"I donâ€™t know if this is okay to ask here, but Iâ€™m about to finish my associates in business admin and I donâ€™t know what to major in when I get my bachelors. I was focusing more on accounting, but now Iâ€™m leaning towards business law, but I donâ€™t really know what that kind of field entails. And I have a couple questions. 

What kind of job can someone with an associates in business admin get while getting a bachelors/ being in school in general? 

What kind of work do people in business law really do? Are there any jobs one can get with solely a bachelors in BL/without or before going to law school?  

What did yâ€™all major in business? And what do you do now?",2020-12-31 00:32:52
140,Question about admission process,2,jx9x3j,https://www.reddit.com/r/UCO/comments/jx9x3j/question_about_admission_process/,10,1605844513.0,"I'm curious what other people have been through with the admissions process here. How long did you have to wait to find out about financial aid? And did you have to constantly check in with one stop to find out your status? Did you feel like you had to move the process along yourself vs someone guiding you through the process?
Some background: my wife is going back to school to get her 2nd degree, at UCO. From day one, she's been on top of getting her financial aid stuff done. She did the FAFSA but now she keeps running into problems. There's been a whole boat load of issues that have been fixed by a ton of calls to one stop but still the people she talks to keeps saying they need to do one more thing before it's fixed... It's getting really frustrating because she has been calling them and they say they are fixing it and never do. 

I'm just wondering if this is how incompetent this school is or is it because of her unique situation that they don't really know how to handle? 

Any thoughts, advice or stories would be welcome. Just trying to see what everyone else has gone through here. 

Thanks in advance :)",2020-11-19 21:55:13
141,Housing near UCO,2,jmtuxz,https://www.reddit.com/r/UCO/comments/jmtuxz/housing_near_uco/,4,1604372586.0,Can anyone recommend any apartments that are walking distance of UCO? I donâ€™t have a car/ canâ€™t drive so the walking distance is very important.,2020-11-02 21:03:06
142,Off campus roommate,2,iqaz45,https://www.reddit.com/r/UCO/comments/iqaz45/off_campus_roommate/,0,1599796688.0,"If anyone needs a roommate off campus, hmu! Still looking, moving in October",2020-09-10 22:58:08
143,has anyone taken organic chemistry 1 before?? i just have some questions lool,2,indhbz,https://www.reddit.com/r/UCO/comments/indhbz/has_anyone_taken_organic_chemistry_1_before_i/,10,1599385370.0,,2020-09-06 04:42:50
144,Newcomer coming to UCO,2,f76950,https://www.reddit.com/r/UCO/comments/f76950/newcomer_coming_to_uco/,2,1582290381.0,I m doing mechanical engineering for my degree and I want know whether u guys (anyone doing mechanical) do CADD as part of u r degree,2020-02-21 07:06:21
145,Scholarships.,2,erkoxx,https://www.reddit.com/r/UCO/comments/erkoxx/scholarships/,5,1579587355.0,"I am looking to go to UCO, I need the bigger school atmosphere but my fafsa is already maxed out and have no idea how to get the extra money to cover the rest of the fees. Does anyone know of any scholarships or any advice to try and flip this bill... Iâ€™m desperate",2020-01-21 00:15:55
146,Financial Aid Refund,2,enuqlo,https://www.reddit.com/r/UCO/comments/enuqlo/financial_aid_refund/,3,1578897315.0,Does anybody remember when the financial aid refund comes in? Thanks!,2020-01-13 00:35:15
147,Business Calc,2,en17fj,https://www.reddit.com/r/UCO/comments/en17fj/business_calc/,3,1578737476.0,"Hello! 

I am about to start taking business Calc for the 2nd time. The first time didnâ€™t go so well. Any tips anyone can give a college student thatâ€™s terrible at math?",2020-01-11 04:11:16
148,Dorm or off campus?,2,dtqs2v,https://www.reddit.com/r/UCO/comments/dtqs2v/dorm_or_off_campus/,3,1573299831.0,I'll be starting UCO in spring and I've heard good and bad things about both off campus housing and dorms. What's y'alls opinions and experiences?,2019-11-09 05:43:51
149,Political Science Major,2,dica45,https://www.reddit.com/r/UCO/comments/dica45/political_science_major/,4,1571193624.0,"Hello r/UCO,

As I am a senior in high school, a prospective political science major of the sort, I was honestly wondering if UCO is a good university to go to for the major of Political Science. I know I will study at a university in state, so i'm in questioning of what university I should attend for this specific major. Not to say of any school is better, that's not why I'm here, but I have seen that OU has a pretty big Poli Sci organization compared to every other university in Oklahoma; plus OU is a research university, so If needed I could peruse a doctorate degree there. 

Another thought. I see that at UCO under the branch of Poli Sci I could major in something more specific in the field such as:

1. Political Science - Public Administration
2. Political Science - International Relations

Could majoring in something above be better for my resume, or help me in any instance?  

Any information/help or redirecting would be really helpful! Thanks for reading.

If there is a better sub-reddit I should post this in please redirect me to as such.",2019-10-15 21:40:24
150,Wellness Center parking,1,cx6lgg,https://www.reddit.com/r/UCO/comments/cx6lgg/wellness_center_parking/,3,1567140143.0,Would I need a parking pass in order to park in the wellness center parking lot? I donâ€™t know if the ticket people would ticket me or not. I went last week and parked in that parking lot and didnâ€™t clover a citation,2019-08-29 23:42:23
151,Gen Bio Notes,2,cw96ac,https://www.reddit.com/r/UCO/comments/cw96ac/gen_bio_notes/,2,1566962545.0,"Hello everyone,

I'm in Gen Bio this semester and I cannot get to class before everyone else and usually by the time i get to lecture, all the seats are taken, and its really hard for me to learn when I'm sitting all the way in the back. (Class is in the large lecture hall in HOH) So if anyone has lecture notes from Bidlack's class could you please let me know and could i get them from you if possible?",2019-08-27 22:22:25
152,Stampede Week,2,cpyork,https://www.reddit.com/r/UCO/comments/cpyork/stampede_week/,0,1565755980.0,Hey guys so I know that stampede week has begun and I was wondering if theyâ€™re doing a concert this year? Theyâ€™ve always done one but I couldnâ€™t find anything about it on the website. I will be disappointed if they donâ€™t do one this year :/,2019-08-13 23:13:00
153,Internships/Research,2,c0dd6w,https://www.reddit.com/r/UCO/comments/c0dd6w/internshipsresearch/,0,1560499555.0,Hi! Iâ€™m currently a rising senior at Edmond Public Schools. I wanted to know if you guys knew any internships or research positions available in the STEM department that might be available for a high school student?,2019-06-14 03:05:55
154,Looking for possible roommates,2,b97nwv,https://www.reddit.com/r/UCO/comments/b97nwv/looking_for_possible_roommates/,1,1554377067.0,Iâ€™m transferring to uco next year and looking for possible roommates. Wanting to lease an apartment. Iâ€™m 19 and hang with the athletic types of people. Can party but donâ€™t party a lot. (Will tho) I will party. Definitely will party. Hmu ,2019-04-04 06:24:27
155,What apartments are nice but still cheap around UCO?,2,a9pib9,https://www.reddit.com/r/UCO/comments/a9pib9/what_apartments_are_nice_but_still_cheap_around/,5,1545867555.0,,2018-12-26 17:39:15
156,Admission questions?,2,9oovvc,https://www.reddit.com/r/UCO/comments/9oovvc/admission_questions/,2,1539733956.0,"Who can I email or call to have my question answered?
",2018-10-16 18:52:36
157,How Important Is Having the Latest Edition of Textbooks?,2,8k5r0d,https://www.reddit.com/r/UCO/comments/8k5r0d/how_important_is_having_the_latest_edition_of/,1,1526604586.0,"I'm taking PSY 1103 and PSY 2753 this summer and not finding any used textbooks for PSY 1103 with edition requested, which is $115 new (Introducing Psychology with Access) with a software component for an additional $80. Older editions are ~$35 online. Anyone know how important having the latest edition is for these? In addition, are there other forums or discussion groups where UCO students sell books, discuss classes/instructors, etc.?",2018-05-17 19:49:46
158,Ken Ham on campus @ 3pm today,2,8288gk,https://www.reddit.com/r/UCO/comments/8288gk/ken_ham_on_campus_3pm_today/,1,1520304394.0,"Let's talk about it...

Are you going?

What do you hope to gain from going?",2018-03-05 20:46:34
159,Philosophy Symposium,2,7wqqa2,https://www.reddit.com/r/UCO/comments/7wqqa2/philosophy_symposium/,2,1518351984.0,"Today was great! I really enjoyed the papers, discussions, talks at meals, and getting to hear new perspectives.

What was your favorite talk, what are your thoughts, and did it change any views you had?

The talk about reclassifying mental illness really interested me as my sister has had learning challenges in the past due to mental illness type issues and has an ""anxiety buddy"" corgi. I'm interested in the idea of reclassifying things to be less stereotyping but I also worry that those who need special care might not be taken seriously if mental illness were classified with physical illnesses.",2018-02-11 06:26:24
160,"Need a decent ""collegey"" place to eat.",2,7hq1zj,https://www.reddit.com/r/UCO/comments/7hq1zj/need_a_decent_collegey_place_to_eat/,5,1512513538.0,I'm taking my son there in a couple of days for a college visit and I was interested in eating somewhere local with a college crowd while we are there.  Any suggestions?,2017-12-05 16:38:58
161,Does anyone on the UCO Campus know about Affiliate Marketing.,2,79kwrm,https://www.reddit.com/r/UCO/comments/79kwrm/does_anyone_on_the_uco_campus_know_about/,0,1509358850.0,Hi! I'm looking for someone on the UCO campus who knows about affiliate marketing and has run their own affiliate sites. I'm looking for some guidance on how to get into this space and learn the affiliate marketing space.,2017-10-30 05:20:50
162,Eclipse party?,2,6ufzwg,https://www.reddit.com/r/UCO/comments/6ufzwg/eclipse_party/,1,1503065320.0,Anyone know of an eclipse viewing party in the area with glasses I could use?,2017-08-18 09:08:40
163,Like news? Like Oklahoma? Check us out! [xpost all the OK subs],2,6se55y,https://www.reddit.com/r/UCO/comments/6se55y/like_news_like_oklahoma_check_us_out_xpost_all/,0,1502234230.0,"Hey r/UCO! Weâ€™re a small, left-wing news podcast thatâ€™s equally about local and national politics. Donâ€™t worry, itâ€™s not always seriousâ€”we love joking as much as the next Okie.

Come check us out if youâ€™re interested!

iTunes: https://itunes.apple.com/us/podcast/red-star-over-oklahoma/id1257082466?mt=2

Soundcloud: https://soundcloud.com/user-721577105

Twitter: @redstaroverok

/r/redstaroveroklahoma",2017-08-08 18:17:10
164,Podcast: This Season is Rated PG-13,2,6lbdte,https://bedlambrother.com/2017/07/02/podcast-this-season-is-rated-pg-13/,1,1499251518.0,,2017-07-05 05:45:18
165,What even happens at Forge?,2,6bwize,https://www.reddit.com/r/UCO/comments/6bwize/what_even_happens_at_forge/,5,1495146548.0,"I'm going next week, but I can't imagine why it takes 2 whole days. Please tell me they're not going to make me talk to strangers and do ""fun bonding exercises.""",2017-05-18 17:29:08
166,Recommended housing for Freshman?,2,5daz82,https://www.reddit.com/r/UCO/comments/5daz82/recommended_housing_for_freshman/,2,1479351463.0,"I'm planning on entering the Fall 2017 semester as a first-time freshman, but I haven't decided on what I should do for my housing. I'm leaning more towards getting an apartment off-campus, mostly because I have a girlfriend, and plan on moving in with her soon after I move to Oklahoma to attend UCO (currently live in Texas.)
If living in one of the dorms or suites is way cheaper, and a much much better option, I have no issues with going with that obviously.",2016-11-16 20:57:43
167,When are next semester's class schedules usually posted?,2,50t7bh,https://www.reddit.com/r/UCO/comments/50t7bh/when_are_next_semesters_class_schedules_usually/,1,1472851603.0,"Just curious, I'd like to try and plan ahead.  Thanks for the help.",2016-09-02 16:26:43
168,What is DL2 and how do I find it?,2,4yk7g8,https://www.reddit.com/r/UCO/comments/4yk7g8/what_is_dl2_and_how_do_i_find_it/,5,1471656918.0,"Hey all,  

I graduated from UCO in 2005 and am coming back this fall to get some more hours to sit for my CPA.  (Guess I'm a glutton for punishment).

One of my professors just emailed us and said the DL2 with syllabus, etc, will be available today at noon.

I am old now and have no idea what he is talking about, but I want to stay on top of my classes.  Could anyone enlighten me to where I should go for this information?  The email didn't have an attachment and my rudimentary google searches yield nothing.

Thanks for any help you can give me. :D",2016-08-19 20:35:18
169,Is computer science program any good?,2,4uhei3,https://www.reddit.com/r/UCO/comments/4uhei3/is_computer_science_program_any_good/,6,1469460895.0,Are the professors good? What kind of opportunities can one expect doing comp sci at UCO(before and after graduating)?......And anything else a freshman might want to know. ,2016-07-25 10:34:55
170,Any Yugioh players up here?,2,4rrsb1,https://www.reddit.com/r/UCO/comments/4rrsb1/any_yugioh_players_up_here/,3,1467965345.0,"Decided to come to UCO for college. I'm wondering if anyone at UCO plays Yugioh? I go to Al's for the tournament 1-2 times a month, because I have no one to play with.",2016-07-08 03:09:05
171,One ticket to graduation,2,4gv2rj,https://www.reddit.com/r/UCO/comments/4gv2rj/one_ticket_to_graduation/,0,1461893419.0,Anyone have one ticket to graduation this next Saturday?  Any guidance will be greatly appreciated. ,2016-04-28 20:30:19
172,Study abroad program,2,4gpdc7,https://www.reddit.com/r/UCO/comments/4gpdc7/study_abroad_program/,0,1461804444.0,"Hi I'm a sophomore at UCO and I was looking at possibly studying abroad next year at the new sister school in Manchester, UK. I was wondering if anyone had been involved with the program or has traveled overseas for an extended period of time. Any advice or suggestions would be awesome. ",2016-04-27 19:47:24
173,"Change for Change, Become an Activist",2,4cwve0,https://www.reddit.com/r/UCO/comments/4cwve0/change_for_change_become_an_activist/,0,1459560758.0,"Hey Bronchos! 
Are you interested in being an activist on campus? Would you like to support the newest UCO Women's Research Center & Blgtq+ Student Center? Then come to our newest event Change for Change! If you purchase a ticket you will get a full dinner, alcoholic drinks and unlimited refreshments! Along with some local bands and cool artwork on display! 
Here is a link to the Facebook page: https://www.facebook.com/thecenteratuco/


I'm really proud of all the people that have worked hard to get this center running, so as a former lurker here on Reddit I thought this would be a great thing to post in this sub. You don't have to go, I thought I'd get the word out. 

Thank you! ",2016-04-01 20:32:38
174,Any Mtg Legacy players?,2,3t3rqn,https://www.reddit.com/r/UCO/comments/3t3rqn/any_mtg_legacy_players/,0,1447756441.0,I just started building a legacy deck (still mostly proxied) and I'm looking to play a few games if anyone has a deck. I'll be in the Nigh by the book store starting around 9:30 am until about noon tomorrow and again from 3:30 - 5.,2015-11-17 04:34:01
175,Any apartment recommendations? Or ones I should avoid?,2,3p4mdb,https://www.reddit.com/r/UCO/comments/3p4mdb/any_apartment_recommendations_or_ones_i_should/,4,1445129246.0,"Staying with my sister as of right now. She is going to graduate this December, thus going to find a new apartment that is for one person. Any suggestion? ",2015-10-17 19:47:26
176,Last name Priority!!!,0,2mvvok,https://www.reddit.com/r/UCO/comments/2mvvok/last_name_priority/,3,1416528310.0,"Personal Rant: It doesn't make sense for a school, this large, to order their enrollment by, of all things, a person's last name. It doesn't matter if you have this major or that you have to wait because of your family name. It doesn't matter that you have been working on this degree for over two years; you married a ""Thompson""[not real name] you can wait! 

Does anybody else feel this is a little unfair? With the enrollment ever increasing, and the amount of classes only slightly options can become limited quick.",2014-11-20 18:05:10
177,book sales,2,2byaua,https://www.reddit.com/r/UCO/comments/2byaua/book_sales/,7,1406590818.0,Is anyone getting rid of old textbooks? I would love to not have to spend $700 at the bookstore this semester. I'm in the accounting program so any accounting and business books would be welcome. ,2014-07-28 18:40:18
178,Any kinesiology majors?,2,1vgqew,https://www.reddit.com/r/UCO/comments/1vgqew/any_kinesiology_majors/,0,1390012634.0,"Hey what's up guys I'm a sophomore that's fixing to graduate from NOC with my assiocates in arts and sciences.  Im thinking about transferring to UCO and attending the kinesiology program. Does anyone else in this sub majoring in the kinesiology ? 

Edit: I guess not? Well if anyone answers id appreciate it",2014-01-17 20:37:14
179,"any breast feeding moms, past or present around? Looking for somewhere on campus where I can pump...",2,1uw65l,https://www.reddit.com/r/UCO/comments/1uw65l/any_breast_feeding_moms_past_or_present_around/,3,1389403093.0,"Anyone know if there is anywhere on campus where I would be allowed to pump breast milk? I've been offered a bathroom, but that's pretty gross. Also, Christy at the Child Studies Center has offered me their observation room, but it's not exactly private and feels like I'd be imposing on them. I commute from Tulsa, so I can't just run home to do it. And the closest baby store with a nursing room is 30 minutes from campus. Any any advice would be appreciated!",2014-01-10 19:18:13
180,Indian student considering to do MBA at UCO. Advice needed.,2,1jp09a,https://www.reddit.com/r/UCO/comments/1jp09a/indian_student_considering_to_do_mba_at_uco/,2,1375673012.0,"Hey guys, I'm from Bangalore, India, and I am considering to do my Master's, in Business Administration, at UCO, via a joint venture with a local college here in Bangalore.


I'd like to know if it is a wise choice that I'm making, and whether this would add any value to my career prospects.

Also, could you pleas
e tell me how much the living expenses (including rent, transport and food) would amount to if I resided in, 1 - the college dorms or 2 - somewhere outside the campus.


Please feel free to add any other information you feel would be useful.


Thank you very much.",2013-08-04 22:23:32
181,"Taking Bio II next semester, does anyone know anything about Olson or Loucks?",2,1d1hz6,https://www.reddit.com/r/UCO/comments/1d1hz6/taking_bio_ii_next_semester_does_anyone_know/,2,1366871306.0,"The seem pretty equal on ratemyprofessor, anyone have any input?",2013-04-25 01:28:26
182,Anyone live in Central Plaza?,2,18hrnp,https://www.reddit.com/r/UCO/comments/18hrnp/anyone_live_in_central_plaza/,2,1360843623.0,"I hate walking through the lobby and down the stairs, almost wish I went to the Commons instead. ",2013-02-14 06:07:03
183,[UPDATE] IT Maintenance Notification for 7/8!,2,w5hnp,https://www.reddit.com/r/UCO/comments/w5hnp/update_it_maintenance_notification_for_78/,0,1341643510.0,"Sorry for the late notice, but there will be no maintenance activity this weekend, 7/8. The master calendar upgrade has been postponed due to support issues from the vendor.  We hope everyone has a great weekend!  ",2012-07-07 01:45:10
184,I hate to ask but could you guys fill out this survey for me? It's for an English paper.,2,m8c6e,https://www.reddit.com/r/UCO/comments/m8c6e/i_hate_to_ask_but_could_you_guys_fill_out_this/,4,1321014696.0,"It's for an English project that's due next week. It's short and really easy, but it has to be taken by people who frequent the UCO campus. Anyways, I'll just copy the survey down below and if anyone wants to take it you can just pm me your answers, or just post it in a comment, which ever you prefer. 


1. Are you a commuter?
2. Do you live on campus?
3. Are you a freshman, a sophomore, a junior, a senior, faculty, or other?
4. What is your gender?
5. How often would you say you use the on-campus library?
1 Very Often     2 Often     3 Sometimes     4 Rarely     5 Never
6. How often do you use the libraryâ€™s parking lot?
1 Very Often     2 Often     3 Sometimes     4 Rarely     5 Never
7. What time of day are you usually at the library?
1 Before 8am     2 Morning     3 Afternoon     4 Evening     5 Late Evening (After 9pm)     
8. How difficult would you say it is to get a parking spot in the libraryâ€™s parking lot?
1 Very Difficult     2 Difficult     3 Average     4 Easy     5 Donâ€™t Know
9. How often do you use the library building when using the lot?
1 Very Often     2 Often     3 Sometimes     4 Rarely     5 Never
10. How often do you attempt to find a spot in the libraryâ€™s parking lot (whether you found one or not)?
1 Very Often     2 Often     3 Sometimes     4 Rarely     5 Never
11. How sufficient do you think the parking is in the libraryâ€™s parking lot?
1 Very sufficient     2 Sufficient     3 Not very sufficient     4 Lacking     5 Donâ€™t Know
12. How likely would you be to use the parking lot if there were more spaces?
1 Very Likely     2 Likely     3 Not Very Likely     4 Not Likely     5 Neutral
13. Do you, personally, feel that there should be designated housing spots in the libraryâ€™s parking lot? Why do you feel this way?
",2011-11-11 06:31:36
185,"Am I the only one who has difficulty not pronouncing 
""Broncho"" like it's spelled?",2,lp0a9,https://www.reddit.com/r/UCO/comments/lp0a9/am_i_the_only_one_who_has_difficulty_not/,6,1319613463.0,,2011-10-26 02:17:43
186,Need moar Broncos.,2,g8kf1,https://www.reddit.com/r/UCO/comments/g8kf1/need_moar_broncos/,7,1300782757.0,I'm going to UCO in the fall and it would be pretty sweet to know any redditors there. :D,2011-03-22 03:32:37
187,Roommates,1,lxbgxv,https://www.reddit.com/r/UCO/comments/lxbgxv/roommates/,4,1614856983.0,Hi! I donâ€™t really know anyone in the OKC/Edmond area. Is there any kind of Facebook groups or something that is legit where students are looking for housing/roommates?,2021-03-04 05:23:03
188,Transportation,1,kwtn8e,https://www.reddit.com/r/UCO/comments/kwtn8e/transportation/,2,1610611537.0,Hello! I would be traveling to UCO from out of state. Any suggestions on how to get from the will rogers world airport to campus? Or how to take the amtrak as close as possible?,2021-01-14 02:05:37
189,Rent house,1,jrr4pl,https://www.reddit.com/r/UCO/comments/jrr4pl/rent_house/,0,1605063747.0,"Is there any website/app where people are looking for roommates?
My fiancÃ© and I are trying to rent a house come this fall, we have a dog and a cat, might possibly have a puppy as well. 
Thanks!",2020-11-10 21:02:27
190,Groupchats,1,jmvua1,https://www.reddit.com/r/UCO/comments/jmvua1/groupchats/,1,1604378956.0,Hey guys is there a groupchat for the class of 2023 or a Facebook groupchat for subleasing apartments?,2020-11-02 22:49:16
191,masters in CS anyone?,1,i1hj4k,https://www.reddit.com/r/UCO/comments/i1hj4k/masters_in_cs_anyone/,1,1596265234.0,"Hi everyone, I am considering options for a MS in Computer Science, and was looking at UCO as an option, wondering if anyone is enrolled in the program? what has your experience been like? pros & cons? is the program accredited?",2020-08-01 02:00:34
192,Uco Doctor/wellness,1,fsq8pj,https://www.reddit.com/r/UCO/comments/fsq8pj/uco_doctorwellness/,3,1585734620.0,"Hi! 

I feel really stupid asking this but the school hasnâ€™t answered me. What is the resource for student wellness here at uco? Is it the ou clinic at uco? Is it free for students? I have an issue (not coronavirus related, but pressing) and I donâ€™t have access to another doctor. 
This is urgent so if you could kindly help me or direct me in the right direction. Thank you!!",2020-04-01 04:50:20
193,Roomates,1,fdfr2e,https://www.reddit.com/r/UCO/comments/fdfr2e/roomates/,1,1583369170.0,Anyone in the area looking for roommates in the summer/fall semester? I might be an RA next year so I'll let you know if that comes up ASAP. Off or On-campus is fine,2020-03-04 18:46:10
194,Dietetic Internship,1,ewhso6,https://www.reddit.com/r/UCO/comments/ewhso6/dietetic_internship/,0,1580469002.0,Pros and Cons?,2020-01-31 05:10:02
195,Best places to print,1,esk7vr,https://www.reddit.com/r/UCO/comments/esk7vr/best_places_to_print/,2,1579764538.0,What are the best places to print sense the computer lab in the library is closed off?,2020-01-23 01:28:58
196,Question on some Biology classes :D,1,e787xn,https://www.reddit.com/r/UCO/comments/e787xn/question_on_some_biology_classes_d/,0,1575712936.0,"To any science majors out there, would any of you say it is do-able to take Biology for Majors: Principles and Biology for Majors: Diversity at the same time?",2019-12-07 04:02:16
197,Mechanical Engineering Course,1,d7xcuc,https://www.reddit.com/r/UCO/comments/d7xcuc/mechanical_engineering_course/,1,1569219029.0,"Has anyone taken mechanical engineering for UCO? If so, r the classes and lessons good?",2019-09-23 01:10:29
198,Canceling a dorm reservation,1,ce7xau,https://www.reddit.com/r/UCO/comments/ce7xau/canceling_a_dorm_reservation/,3,1563365949.0,"Okay so to cancel my dorm reservation do I just click ""Cancel Application""? I'm wondering because I changed my mind about staying in a dorm and I'm ready to take the ""L"" of taking the cancellation fee that you get from July 1st and on...",2019-07-17 07:19:09
199,"Off-Campus help, Central Plaza",1,bhrbqa,https://www.reddit.com/r/UCO/comments/bhrbqa/offcampus_help_central_plaza/,1,1556340850.0,I can't seem to find any up-to-date reviews about the Central Plaza Student Housing. How's the place? Any input would be appreciated!,2019-04-26 23:54:10
200,Internet changed?,1,8ehgp2,https://www.reddit.com/r/UCO/comments/8ehgp2/internet_changed/,8,1524569294.0,"The internet on. Amp is has changed. Not only in my day to day life (checking google drive is slower, loading YouTube videos is longer, etc), but also in gaming (my Xbox one is rubberbanding with a standard 30-50 ms of ping) and I donâ€™t know whatâ€™s up with it. Any ideas?",2018-04-24 06:28:14
201,Are there ever any random drug dogs/tests on campus?,1,6w40gy,https://www.reddit.com/r/UCO/comments/6w40gy/are_there_ever_any_random_drug_dogstests_on_campus/,3,1503755717.0,Asking for a friend.,2017-08-26 08:55:17
202,"And remember, Frank Zappa is NOT Jazz.",1,6vx7ye,https://www.reddit.com/r/UCO/comments/6vx7ye/and_remember_frank_zappa_is_not_jazz/,0,1503679172.0,https://www.youtube.com/watch?v=ToQWHNFZ2RE,2017-08-25 11:39:32
203,Computer Competency Exam,1,68k5xi,https://www.reddit.com/r/UCO/comments/68k5xi/computer_competency_exam/,1,1493643919.0,"Hey guys/gals.
I was wondering if anyone here has taken or knows someone who has taken the Computer Competency Exam to get into the College of Business.
I am taking Summer classes and I have to take it this upcoming Thursday, so I was wanting to know whether it was hard (what type of questions does it take) and what the minimum score needed to pass is.",2017-05-01 08:05:19
204,Would 12 hours during the summer be too crazy?,1,65htlc,https://www.reddit.com/r/UCO/comments/65htlc/would_12_hours_during_the_summer_be_too_crazy/,2,1492267696.0,"I want to get a bunch of basics out of the way so I can graduate on time. My plan taking College Algebra and Theories of Leadership online (Full Term), Fundamentals of Speech in a B1, and Intro to Philosophy in a B2. I'm good at math and overall a good student. I would also like to work part time if possible. Am I putting too much on my plate? Any advice?",2017-04-15 09:48:16
205,UCO cracking down on Bittorrent?,1,2cqr7x,https://www.reddit.com/r/UCO/comments/2cqr7x/uco_cracking_down_on_bittorrent/,2,1407315307.0,I'm on campus for RA training and I haven't been able to get any torrents working since I've been here.,2014-08-06 03:55:07
206,Central Plaza Internet question,1,1pg43k,https://www.reddit.com/r/UCO/comments/1pg43k/central_plaza_internet_question/,2,1383053943.0,"It's been awhile since anyone has posted on /r/UCO, so I'll do it! Anyways, I'm having a terrible time connecting to the Internet in Central Plaza. We don't have the ethernet ports that the other dorm rooms have. I was wondering if anyone has lived in CP, and has hooked up a router through the phone line? I've picked up a couple other connections, I assume routers, on my phone. If you could help, that'd be great!",2013-10-29 08:39:03
207,"Commuter ""student"" here",1,165b9s,https://www.reddit.com/r/UCO/comments/165b9s/commuter_student_here/,3,1357628547.0,"Does anyone else work full time and only go to UCO because it's cheap/close/other reason other than that they actually love being a Broncho? I work full time and take classes at night. I'd be interested in hearing from some like-minded individuals.

In fact, I'm a Mass Comm - PR major, but only because it was faster compared to other degrees. Have no desire to do PR in the workforce.",2013-01-08 01:02:27
208,OIT Maintenance 12/21,1,158wo7,https://www.reddit.com/r/UCO/comments/158wo7/oit_maintenance_1221/,0,1356153106.0,"Hey guys, just a heads up, the internet on campus will be completely down from 5 p.m. to 7 p.m. today. Just so everyone that may still be on campus knows what's going on!",2012-12-21 23:11:46
209,register your .edu email in dropbox and get 3g free ,1,11mnww,http://www.reddit.com/r/OKState/comments/11lcbx/link_your_dropbox_with_your_edu_address_and_get/,0,1350510664.0,,2012-10-17 16:51:04
210,anyone here in Loucks Bio II for majors?,1,n0rim,https://www.reddit.com/r/UCO/comments/n0rim/anyone_here_in_loucks_bio_ii_for_majors/,0,1323092541.0,,2011-12-05 07:42:21
211,If anyone on here has taken historical research already could you tell me what to expect?,1,mzhue,https://www.reddit.com/r/UCO/comments/mzhue/if_anyone_on_here_has_taken_historical_research/,6,1323006251.0,"I'll have to take historical research for my major and I have heard some complaining about the class but I honestly don't really know what to expect. I know that I'll have to write a paper on some subject but I don't know if you pick the subject or the teacher has subjects to choose from or how to write it. All I've really been told is that it will take up the majority of my time. So, I was wondering what all anyone on here could tell me about it.",2011-12-04 07:44:11
212,Anybody know what the alarm in the LA building last night was about?,1,mnj1f,https://www.reddit.com/r/UCO/comments/mnj1f/anybody_know_what_the_alarm_in_the_la_building/,0,1322136447.0,It was about 90 seconds before my class let out. ~8:45. Just curious. ,2011-11-24 06:07:27
213,Thinking about perusing an MA in English at UCO. I was wondering...,1,mklnw,https://www.reddit.com/r/UCO/comments/mklnw/thinking_about_perusing_an_ma_in_english_at_uco_i/,1,1321939461.0,If anyone could tell me a little about the program. Do you like it? Are the professors/classes awesome? Do the students in the program have a tight relationship? Or does everyone pretty much stick to themselves? I'm looking to do the MA with an emphasis in Creative Writing. Any info or feedback at all would be greatly appreciated! Thanks! L,2011-11-21 23:24:21
214,An Annual Letter to the Graduates of UCO (2018),0,8ik814,https://natetheworld.squarespace.com/natetheworld/2018/5/10/an-annual-letter-to-the-graduates-of-uco-2018,0,1526032647.0,,2018-05-11 04:57:27
215,"Welcome back, Bronchos!",0,16kdhl,https://www.reddit.com/r/UCO/comments/16kdhl/welcome_back_bronchos/,2,1358219005.0,"Hey all! Just a quick welcome message to everybody. Remember thy classes start today and that was a typo I'm just going to keep. 

Stay warm because it's windy today. Parking is more sparse by the Liberal Arts building and if you freak out and need help, call 974-2000! But fend for yourself first. Nobody learned without trying beforehand. ",2013-01-14 21:03:25
216,Dropbox: University of Central Oklahoma is 838 points away from 8 GB!,0,13y93e,https://www.dropbox.com/spacerace?r=NTM1NjY5Mjk,1,1354162543.0,,2012-11-28 22:15:43
217,Happy Thanksgiving UCO Redditors! ,0,13mp9z,http://i.imgur.com/TMapb.jpg,0,1353638268.0,,2012-11-22 20:37:48
218,"Facebook
Just a really cool club to get involved with at UCO",0,mqmna,http://www.facebook.com/groups/UCOMarketing/,0,1322403269.0,,2011-11-27 08:14:29
219,Physiology Notes + Pharmacy Major,0,etle46,https://www.reddit.com/r/UCO/comments/etle46/physiology_notes_pharmacy_major/,0,1579951248.0,"Anyone have Human Physiology notes that I can use to study from? I'm trying to just get my prereqs done for pharmacy school, and yeet tf outta here. Also if you're a pharm major let's talk bcecause lowkey I have no clue what I'm doing right now.",2020-01-25 05:20:48
220,Room in House for Rent next to UCO/Lease for Sale,0,ab9mdd,https://www.reddit.com/r/UCO/comments/ab9mdd/room_in_house_for_rent_next_to_ucolease_for_sale/,0,1546308842.0,"I just graduated from UCO and in order to foot the bill for grad school I need to sell my lease.  I rent a place right across from the Liberal Arts building. It's 425 a month all bills included.  The place has plenty of parking (no need to waste money on a parking pass).  My roommate is cool, quiet, clean, and basically never home.  She would prefer a female roommate, but not opposed to a male roommate.  You can move in asap.  No down payment.  Full kitchen, one bath, washer and dryer, living room with tv, two bedroom, and side yard.  No pets.  If you are interested text me at 808-238-7027.",2018-12-31 20:14:02
221,If Oklahoma Sports Teams Were Marvel Characters.,0,4nu7xu,https://bedlambrother.com/2016/06/11/if-oklahoma-sports-teams-were-marvel-characters/,0,1465824279.0,,2016-06-13 08:24:39
